source,target
http://example.org/agriculture#Distributor,http://example.org/agriculture#Fertilizers
http://example.org/agriculture#Distributor,http://example.org/agriculture#Farm_Products
http://example.org/agriculture#Rice,http://example.org/agriculture#Flood_Management
http://example.org/agriculture#Rice,http://example.org/agriculture#Rabi
http://example.org/agriculture#Rice,http://example.org/agriculture#1206.79_MT
http://example.org/agriculture#Rice,http://example.org/agriculture#Kharif
http://example.org/agriculture#Rice,nab5ffa7a219e41ff942f1a66fb621a6db2
http://example.org/agriculture#Rice,http://example.org/agriculture#157.58_MT
http://example.org/agriculture#Rice,http://example.org/agriculture#Retail_Market
http://example.org/agriculture#Rice,http://example.org/agriculture#Floods
http://example.org/agriculture#Rice,http://example.org/agriculture#Total
http://example.org/agriculture#Rice,http://example.org/agriculture#Irrigation_System
http://example.org/agriculture#Rice,nab5ffa7a219e41ff942f1a66fb621a6db1
http://example.org/agriculture#Rice,http://example.org/agriculture#Asia
http://example.org/agriculture#Precision_Farming,http://example.org/agriculture#Satellite_Imaging
http://example.org/agriculture#Precision_Farming,http://example.org/agriculture#Satellite_Data
http://example.org/agriculture#Precision_Farming,http://example.org/agriculture#AI_Technology
http://example.org/agriculture#Precision_Farming,http://example.org/agriculture#Weather_Data
http://example.org/agriculture#Satellite_Imaging,http://example.org/agriculture#Soil_Health
http://example.org/agriculture#Satellite_Imaging,http://example.org/agriculture#Soil_Erosion
http://example.org/agriculture#Total_Pulses,http://example.org/agriculture#Kharif
http://example.org/agriculture#Total_Pulses,nab5ffa7a219e41ff942f1a66fb621a6db45
http://example.org/agriculture#Total_Pulses,http://example.org/agriculture#Total
http://example.org/agriculture#Total_Pulses,nab5ffa7a219e41ff942f1a66fb621a6db46
http://example.org/agriculture#Total_Pulses,http://example.org/agriculture#230.22_MT
http://example.org/agriculture#Total_Pulses,nab5ffa7a219e41ff942f1a66fb621a6db44
http://example.org/agriculture#Total_Pulses,http://example.org/agriculture#Rabi
http://example.org/agriculture#Total_Pulses,http://example.org/agriculture#158.74_MT
http://example.org/agriculture#Total_Pulses,http://example.org/agriculture#71.48_MT
http://example.org/agriculture#Moong,http://example.org/agriculture#15.0_MT
http://example.org/agriculture#Moong,http://example.org/agriculture#Total
http://example.org/agriculture#Moong,http://example.org/agriculture#Kharif
http://example.org/agriculture#Moong,http://example.org/agriculture#Rabi
http://example.org/agriculture#Moong,http://example.org/agriculture#1.07_MT
http://example.org/agriculture#Rapeseed___Mustard,nab5ffa7a219e41ff942f1a66fb621a6db66
http://example.org/agriculture#Rapeseed___Mustard,http://example.org/agriculture#128.73_MT
http://example.org/agriculture#Rapeseed___Mustard,http://example.org/agriculture#Rabi
http://example.org/agriculture#Rapeseed___Mustard,http://example.org/agriculture#Total
http://example.org/agriculture#Rapeseed___Mustard,nab5ffa7a219e41ff942f1a66fb621a6db65
http://example.org/agriculture#Crop_Insurance,http://example.org/agriculture#Farmers_from_Loss
http://example.org/agriculture#Crop_Insurance,http://example.org/agriculture#Weather_Damage
http://example.org/agriculture#Compost,http://example.org/agriculture#Soil_Fertility
http://example.org/agriculture#Compost,http://example.org/agriculture#Soil_Health
http://example.org/agriculture#Jute,http://example.org/agriculture#Total
http://example.org/agriculture#Jute,nab5ffa7a219e41ff942f1a66fb621a6db79
http://example.org/agriculture#Jute,http://example.org/agriculture#Kharif
http://example.org/agriculture#Jute,http://example.org/agriculture#83.08_MT
http://example.org/agriculture#Jute,nab5ffa7a219e41ff942f1a66fb621a6db78
nab5ffa7a219e41ff942f1a66fb621a6db14,Kharif
nab5ffa7a219e41ff942f1a66fb621a6db58,Kharif
nab5ffa7a219e41ff942f1a66fb621a6db58,0.14
http://example.org/agriculture#Wind_Erosion,http://example.org/agriculture#Soil_Fertility
nab5ffa7a219e41ff942f1a66fb621a6db59,0.14
http://example.org/agriculture#Nutri_Coarse_Cereals,nab5ffa7a219e41ff942f1a66fb621a6db23
http://example.org/agriculture#Nutri_Coarse_Cereals,http://example.org/agriculture#560.29_MT
http://example.org/agriculture#Nutri_Coarse_Cereals,http://example.org/agriculture#385.63_MT
http://example.org/agriculture#Nutri_Coarse_Cereals,nab5ffa7a219e41ff942f1a66fb621a6db25
http://example.org/agriculture#Nutri_Coarse_Cereals,http://example.org/agriculture#Rabi
http://example.org/agriculture#Nutri_Coarse_Cereals,nab5ffa7a219e41ff942f1a66fb621a6db24
http://example.org/agriculture#Nutri_Coarse_Cereals,http://example.org/agriculture#Kharif
http://example.org/agriculture#Nutri_Coarse_Cereals,http://example.org/agriculture#174.65_MT
http://example.org/agriculture#Nutri_Coarse_Cereals,http://example.org/agriculture#Total
nab5ffa7a219e41ff942f1a66fb621a6db23,Kharif
nab5ffa7a219e41ff942f1a66fb621a6db69,0.47
http://example.org/agriculture#Urad,http://example.org/agriculture#Total
http://example.org/agriculture#Urad,http://example.org/agriculture#5.17_MT
http://example.org/agriculture#Urad,nab5ffa7a219e41ff942f1a66fb621a6db35
http://example.org/agriculture#Urad,http://example.org/agriculture#Rabi
http://example.org/agriculture#Urad,http://example.org/agriculture#Kharif
http://example.org/agriculture#Urad,nab5ffa7a219e41ff942f1a66fb621a6db33
http://example.org/agriculture#Urad,nab5ffa7a219e41ff942f1a66fb621a6db34
http://example.org/agriculture#Urad,http://example.org/agriculture#12.82_MT
http://example.org/agriculture#Urad,http://example.org/agriculture#17.99_MT
http://example.org/agriculture#Bajra,http://example.org/agriculture#Kharif
http://example.org/agriculture#Bajra,nab5ffa7a219e41ff942f1a66fb621a6db14
http://example.org/agriculture#Bajra,http://example.org/agriculture#94.9_MT
http://example.org/agriculture#Bajra,http://example.org/agriculture#Total
http://example.org/agriculture#Sunflower,http://example.org/agriculture#Total
http://example.org/agriculture#Sunflower,nab5ffa7a219e41ff942f1a66fb621a6db62
http://example.org/agriculture#Sunflower,http://example.org/agriculture#Rabi
http://example.org/agriculture#Sunflower,http://example.org/agriculture#Kharif
http://example.org/agriculture#Sunflower,http://example.org/agriculture#0.64_MT
http://example.org/agriculture#Water_Conservation,http://example.org/agriculture#Freshwater_Resources
nab5ffa7a219e41ff942f1a66fb621a6db53,Kharif
http://example.org/agriculture#Castorseed,nab5ffa7a219e41ff942f1a66fb621a6db53
http://example.org/agriculture#Castorseed,http://example.org/agriculture#Total
http://example.org/agriculture#Castorseed,http://example.org/agriculture#15.88_MT
http://example.org/agriculture#Castorseed,http://example.org/agriculture#Kharif
http://example.org/agriculture#Castorseed,nab5ffa7a219e41ff942f1a66fb621a6db54
http://example.org/agriculture#Maize,http://example.org/agriculture#Rabi
http://example.org/agriculture#Maize,nab5ffa7a219e41ff942f1a66fb621a6db7
http://example.org/agriculture#Maize,http://example.org/agriculture#372.5_MT
http://example.org/agriculture#Maize,http://example.org/agriculture#124.38_MT
http://example.org/agriculture#Maize,nab5ffa7a219e41ff942f1a66fb621a6db8
http://example.org/agriculture#Maize,nab5ffa7a219e41ff942f1a66fb621a6db6
http://example.org/agriculture#Maize,http://example.org/agriculture#Total
http://example.org/agriculture#Maize,http://example.org/agriculture#248.11_MT
http://example.org/agriculture#Maize,http://example.org/agriculture#Kharif
http://example.org/agriculture#Small_Millets,http://example.org/agriculture#Kharif
http://example.org/agriculture#Small_Millets,http://example.org/agriculture#Total
http://example.org/agriculture#Small_Millets,nab5ffa7a219e41ff942f1a66fb621a6db19
http://example.org/agriculture#Corn,http://example.org/agriculture#Moderate_Rainfall
http://example.org/agriculture#Corn,http://example.org/agriculture#Logistics_Company
nab5ffa7a219e41ff942f1a66fb621a6db46,230.22
http://example.org/agriculture#Barley,http://example.org/agriculture#Total
http://example.org/agriculture#Barley,http://example.org/agriculture#Compost_Application
http://example.org/agriculture#Barley,http://example.org/agriculture#Compost
http://example.org/agriculture#Barley,nab5ffa7a219e41ff942f1a66fb621a6db9
http://example.org/agriculture#Barley,http://example.org/agriculture#19.46_MT
http://example.org/agriculture#Barley,http://example.org/agriculture#Cool_Climate
http://example.org/agriculture#Barley,http://example.org/agriculture#Moderate_Rainfall
http://example.org/agriculture#Barley,http://example.org/agriculture#Rabi
http://example.org/agriculture#Barley,http://example.org/agriculture#Beer_Production
nab5ffa7a219e41ff942f1a66fb621a6db31,115.35
http://example.org/agriculture#Gram,nab5ffa7a219e41ff942f1a66fb621a6db31
http://example.org/agriculture#Gram,http://example.org/agriculture#Total
http://example.org/agriculture#Gram,http://example.org/agriculture#Rabi
nab5ffa7a219e41ff942f1a66fb621a6db41,Kharif
http://example.org/agriculture#Farmers_Association,http://example.org/agriculture#Better_Policies
http://example.org/agriculture#Jowar,http://example.org/agriculture#Total
http://example.org/agriculture#Jowar,http://example.org/agriculture#30.81_MT
http://example.org/agriculture#Jowar,http://example.org/agriculture#Kharif
http://example.org/agriculture#Jowar,http://example.org/agriculture#52.65_MT
http://example.org/agriculture#Jowar,http://example.org/agriculture#Rabi
http://example.org/agriculture#Jowar,http://example.org/agriculture#21.84_MT
http://example.org/agriculture#Jowar,nab5ffa7a219e41ff942f1a66fb621a6db12
http://example.org/agriculture#Jowar,nab5ffa7a219e41ff942f1a66fb621a6db11
http://example.org/agriculture#Jute___Mesta,http://example.org/agriculture#Kharif
http://example.org/agriculture#Jute___Mesta,http://example.org/agriculture#86.24_MT
http://example.org/agriculture#Jute___Mesta,http://example.org/agriculture#Total
http://example.org/agriculture#Jute___Mesta,nab5ffa7a219e41ff942f1a66fb621a6db83
http://example.org/agriculture#Jute___Mesta,nab5ffa7a219e41ff942f1a66fb621a6db82
nab5ffa7a219e41ff942f1a66fb621a6db82,86.24
nab5ffa7a219e41ff942f1a66fb621a6db82,Kharif
http://example.org/agriculture#Sesamum,nab5ffa7a219e41ff942f1a66fb621a6db56
http://example.org/agriculture#Sesamum,http://example.org/agriculture#4.14_MT
http://example.org/agriculture#Sesamum,http://example.org/agriculture#Total
http://example.org/agriculture#Sesamum,http://example.org/agriculture#Rabi
http://example.org/agriculture#Sesamum,http://example.org/agriculture#Kharif
nab5ffa7a219e41ff942f1a66fb621a6db56,0.22
http://example.org/agriculture#Farm_Analytics,http://example.org/agriculture#Yield_Production
nab5ffa7a219e41ff942f1a66fb621a6db83,86.24
nab5ffa7a219e41ff942f1a66fb621a6db52,113.12
http://example.org/agriculture#Mesta,nab5ffa7a219e41ff942f1a66fb621a6db80
http://example.org/agriculture#Mesta,http://example.org/agriculture#Kharif
http://example.org/agriculture#Mesta,http://example.org/agriculture#Total
http://example.org/agriculture#Mesta,http://example.org/agriculture#3.16_MT
nab5ffa7a219e41ff942f1a66fb621a6db80,Kharif
http://example.org/agriculture#Flood,http://example.org/agriculture#Irrigation_Channels
http://example.org/agriculture#Flood,http://example.org/agriculture#Agricultural_Land
http://example.org/agriculture#Flood,http://example.org/agriculture#Irrigation_Systems
http://example.org/agriculture#Flood,http://example.org/agriculture#Soil_Erosion
http://example.org/agriculture#Flood,http://example.org/agriculture#Infrastructure
http://example.org/agriculture#Tur,nab5ffa7a219e41ff942f1a66fb621a6db29
http://example.org/agriculture#Tur,http://example.org/agriculture#Total
http://example.org/agriculture#Tur,nab5ffa7a219e41ff942f1a66fb621a6db30
http://example.org/agriculture#Tur,http://example.org/agriculture#Kharif
http://example.org/agriculture#Tur,http://example.org/agriculture#35.11_MT
nab5ffa7a219e41ff942f1a66fb621a6db29,Kharif
nab5ffa7a219e41ff942f1a66fb621a6db16,Kharif
nab5ffa7a219e41ff942f1a66fb621a6db16,16.92
http://example.org/agriculture#Ragi,http://example.org/agriculture#16.92_MT
http://example.org/agriculture#Ragi,http://example.org/agriculture#Kharif
http://example.org/agriculture#Ragi,http://example.org/agriculture#Total
http://example.org/agriculture#Ragi,nab5ffa7a219e41ff942f1a66fb621a6db17
http://example.org/agriculture#Ragi,nab5ffa7a219e41ff942f1a66fb621a6db16
http://example.org/agriculture#Sprinkler,http://example.org/agriculture#Irrigation_Water
http://example.org/agriculture#Sprinkler,http://example.org/agriculture#Irrigation
http://example.org/agriculture#Sprinkler,http://example.org/agriculture#Water_Evenly
http://example.org/agriculture#Sprinkler,http://example.org/agriculture#Farmland
nab5ffa7a219e41ff942f1a66fb621a6db34,5.17
http://example.org/agriculture#Rainfall,http://example.org/agriculture#Crops
http://example.org/agriculture#Rainfall,http://example.org/agriculture#Soil_Moisture
http://example.org/agriculture#Logistics_Company,http://example.org/agriculture#Transport_Network
http://example.org/agriculture#Logistics_Company,http://example.org/agriculture#Farm_Equipment
nab5ffa7a219e41ff942f1a66fb621a6db50,Kharif
nab5ffa7a219e41ff942f1a66fb621a6db60,151.32
nab5ffa7a219e41ff942f1a66fb621a6db60,Kharif
nab5ffa7a219e41ff942f1a66fb621a6db70,0.47
http://example.org/agriculture#Shree_Anna__Nutri_Cereals,http://example.org/agriculture#Kharif
http://example.org/agriculture#Shree_Anna__Nutri_Cereals,http://example.org/agriculture#30.81_MT
http://example.org/agriculture#Shree_Anna__Nutri_Cereals,http://example.org/agriculture#Rabi
http://example.org/agriculture#Shree_Anna__Nutri_Cereals,http://example.org/agriculture#137.52_MT
http://example.org/agriculture#Shree_Anna__Nutri_Cereals,http://example.org/agriculture#Total
http://example.org/agriculture#Shree_Anna__Nutri_Cereals,http://example.org/agriculture#168.34_MT
nab5ffa7a219e41ff942f1a66fb621a6db26,1592.43
nab5ffa7a219e41ff942f1a66fb621a6db26,Kharif
http://example.org/agriculture#Safflower,http://example.org/agriculture#Total
http://example.org/agriculture#Safflower,http://example.org/agriculture#0.47_MT
http://example.org/agriculture#Safflower,nab5ffa7a219e41ff942f1a66fb621a6db70
http://example.org/agriculture#Safflower,http://example.org/agriculture#Rabi
http://example.org/agriculture#Safflower,nab5ffa7a219e41ff942f1a66fb621a6db69
http://example.org/agriculture#Warehouse,http://example.org/agriculture#Pesticides
http://example.org/agriculture#Warehouse,http://example.org/agriculture#Grain_Stock
http://example.org/agriculture#Warehouse,http://example.org/agriculture#Harvested_Produce
http://example.org/agriculture#Farm_Loan,http://example.org/agriculture#Farm_Expansion
nab5ffa7a219e41ff942f1a66fb621a6db62,0.64
nab5ffa7a219e41ff942f1a66fb621a6db62,Kharif
http://example.org/agriculture#Exporters,http://example.org/agriculture#Trade_Agents
http://example.org/agriculture#Exporters,http://example.org/agriculture#Logistics_Companies
nab5ffa7a219e41ff942f1a66fb621a6db33,Kharif
nab5ffa7a219e41ff942f1a66fb621a6db33,12.82
http://example.org/agriculture#Other_Pulses,http://example.org/agriculture#Total
http://example.org/agriculture#Other_Pulses,http://example.org/agriculture#8.56_MT
http://example.org/agriculture#Other_Pulses,http://example.org/agriculture#27.54_MT
http://example.org/agriculture#Other_Pulses,nab5ffa7a219e41ff942f1a66fb621a6db41
http://example.org/agriculture#Other_Pulses,nab5ffa7a219e41ff942f1a66fb621a6db43
http://example.org/agriculture#Other_Pulses,http://example.org/agriculture#Rabi
http://example.org/agriculture#Other_Pulses,http://example.org/agriculture#Kharif
http://example.org/agriculture#Other_Pulses,http://example.org/agriculture#18.98_MT
http://example.org/agriculture#Export_Tax,http://example.org/agriculture#Agricultural_Trade
http://example.org/agriculture#Export_Tax,http://example.org/agriculture#Trade
nab5ffa7a219e41ff942f1a66fb621a6db47,Kharif
nab5ffa7a219e41ff942f1a66fb621a6db11,Kharif
http://example.org/agriculture#Cooperatives,http://example.org/agriculture#Better_Prices
http://example.org/agriculture#Cooperatives,http://example.org/agriculture#Better_Rates
http://example.org/agriculture#Agroecology,http://example.org/agriculture#Biodiversity
nab5ffa7a219e41ff942f1a66fb621a6db1,Kharif
nab5ffa7a219e41ff942f1a66fb621a6db1,1206.79
nab5ffa7a219e41ff942f1a66fb621a6db17,16.92
http://example.org/agriculture#Wind,http://example.org/agriculture#Soil_Erosion
http://example.org/agriculture#Wind,http://example.org/agriculture#Topsoil_Erosion
http://example.org/agriculture#Environmental_Law,http://example.org/agriculture#Farmland
http://example.org/agriculture#Environmental_Law,http://example.org/agriculture#Natural_Resources
http://example.org/agriculture#Farming_Cooperatives,http://example.org/agriculture#AgriTech_Startups
nab5ffa7a219e41ff942f1a66fb621a6db6,Kharif
nab5ffa7a219e41ff942f1a66fb621a6db44,Kharif
nab5ffa7a219e41ff942f1a66fb621a6db44,71.48
http://example.org/agriculture#Trade_Agreement,http://example.org/agriculture#Export_Rates
nab5ffa7a219e41ff942f1a66fb621a6db79,83.08
nab5ffa7a219e41ff942f1a66fb621a6db12,30.81
http://example.org/agriculture#Carbon_Footprint,http://example.org/agriculture#Emission_Levels
http://example.org/agriculture#Agri_Insurance,http://example.org/agriculture#Farmers_from_Loss
nab5ffa7a219e41ff942f1a66fb621a6db78,83.08
nab5ffa7a219e41ff942f1a66fb621a6db78,Kharif
http://example.org/agriculture#Consumer,http://example.org/agriculture#Agricultural_Products
